{
	"IcoMoonType": "selection",
	"icons": [
		{
			"icon": {
				"paths": [
					"M725.333 128h-426.667c-47.147 0-84.907 38.187-84.907 85.333l-0.427 682.667 298.667-128 298.667 128v-682.667c0-47.147-38.187-85.333-85.333-85.333z"
				],
				"attrs": [],
				"isMulticolor": false,
				"tags": [
					"bookmark"
				],
				"grid": 24
			},
			"attrs": [],
			"properties": {
				"id": 25,
				"order": 1,
				"prevSize": 24,
				"code": 58880,
				"name": "bookmark"
			},
			"setIdx": 0,
			"iconIdx": 25
		},
		{
			"icon": {
				"paths": [
					"M725.333 128h-426.667c-47.147 0-84.907 38.187-84.907 85.333l-0.427 682.667 298.667-128 298.667 128v-682.667c0-47.147-38.187-85.333-85.333-85.333zM725.333 768l-213.333-92.8-213.333 92.8v-554.667h426.667v554.667z"
				],
				"attrs": [],
				"isMulticolor": false,
				"tags": [
					"bookmark-outline"
				],
				"grid": 24
			},
			"attrs": [],
			"properties": {
				"id": 26,
				"order": 2,
				"prevSize": 24,
				"code": 58881,
				"name": "bookmark-outline"
			},
			"setIdx": 0,
			"iconIdx": 26
		},
		{
			"icon": {
				"paths": [
					"M810.667 341.333l-170.667 170.667h128c0 141.44-114.56 256-256 256-43.307 0-83.84-10.88-119.68-29.653l-62.293 62.293c52.907 33.067 114.987 52.693 181.973 52.693 188.587 0 341.333-152.747 341.333-341.333h128l-170.667-170.667zM256 512c0-141.44 114.56-256 256-256 43.307 0 83.84 10.88 119.68 29.653l62.293-62.293c-52.907-33.067-114.987-52.693-181.973-52.693-188.587 0-341.333 152.747-341.333 341.333h-128l170.667 170.667 170.667-170.667h-128z"
				],
				"attrs": [],
				"isMulticolor": false,
				"tags": [
					"cached"
				],
				"grid": 24
			},
			"attrs": [],
			"properties": {
				"id": 28,
				"order": 3,
				"prevSize": 24,
				"code": 58882,
				"name": "cached"
			},
			"setIdx": 0,
			"iconIdx": 28
		},
		{
			"icon": {
				"paths": [
					"M256 810.667c0 47.147 38.187 85.333 85.333 85.333h341.333c47.147 0 85.333-38.187 85.333-85.333v-512h-512v512zM810.667 170.667h-149.333l-42.667-42.667h-213.333l-42.667 42.667h-149.333v85.333h597.333v-85.333z"
				],
				"attrs": [],
				"isMulticolor": false,
				"tags": [
					"delete"
				],
				"grid": 24
			},
			"attrs": [],
			"properties": {
				"id": 32,
				"order": 4,
				"prevSize": 24,
				"code": 58883,
				"name": "delete"
			},
			"setIdx": 0,
			"iconIdx": 32
		},
		{
			"icon": {
				"paths": [
					"M384 689.92l-177.92-177.92-60.373 60.373 238.293 238.293 512-512-60.373-60.373z"
				],
				"attrs": [],
				"isMulticolor": false,
				"tags": [
					"done"
				],
				"grid": 24
			},
			"attrs": [],
			"properties": {
				"id": 35,
				"order": 5,
				"prevSize": 24,
				"code": 58884,
				"name": "done"
			},
			"setIdx": 0,
			"iconIdx": 35
		},
		{
			"icon": {
				"paths": [
					"M512 910.933l-61.867-56.107c-219.733-199.467-364.8-331.093-364.8-492.16 0-131.627 103.040-234.667 234.667-234.667 74.24 0 145.493 34.56 192 88.96 46.507-54.4 117.76-88.96 192-88.96 131.627 0 234.667 103.040 234.667 234.667 0 161.067-145.067 292.693-364.8 492.16l-61.867 56.107z"
				],
				"attrs": [],
				"isMulticolor": false,
				"tags": [
					"favorite"
				],
				"grid": 24
			},
			"attrs": [],
			"properties": {
				"id": 42,
				"order": 6,
				"prevSize": 24,
				"code": 58885,
				"name": "favorite"
			},
			"setIdx": 0,
			"iconIdx": 42
		},
		{
			"icon": {
				"paths": [
					"M704 128c-74.24 0-145.493 34.56-192 88.96-46.507-54.4-117.76-88.96-192-88.96-131.627 0-234.667 103.040-234.667 234.667 0 161.067 145.067 292.693 364.8 492.16l61.867 56.107 61.867-56.107c219.733-199.467 364.8-331.093 364.8-492.16 0-131.627-103.040-234.667-234.667-234.667zM516.48 791.68l-4.48 4.053-4.48-4.053c-202.88-184.107-336.853-305.707-336.853-429.013 0-85.12 64.213-149.333 149.333-149.333 65.707 0 129.707 42.453 152.107 100.693h79.573c22.613-58.24 86.613-100.693 152.32-100.693 85.12 0 149.333 64.213 149.333 149.333 0 123.307-133.973 244.907-336.853 429.013z"
				],
				"attrs": [],
				"isMulticolor": false,
				"tags": [
					"favorite-outline"
				],
				"grid": 24
			},
			"attrs": [],
			"properties": {
				"id": 43,
				"order": 7,
				"prevSize": 24,
				"code": 58886,
				"name": "favorite-outline"
			},
			"setIdx": 0,
			"iconIdx": 43
		},
		{
			"icon": {
				"paths": [
					"M512 736.853l263.68 159.147-69.76-299.947 232.747-201.6-306.773-26.453-119.893-282.667-119.893 282.667-306.773 26.453 232.747 201.6-69.76 299.947z"
				],
				"attrs": [],
				"isMulticolor": false,
				"tags": [
					"grade"
				],
				"grid": 24
			},
			"attrs": [],
			"properties": {
				"id": 49,
				"order": 8,
				"prevSize": 24,
				"code": 58887,
				"name": "grade"
			},
			"setIdx": 0,
			"iconIdx": 49
		},
		{
			"icon": {
				"paths": [
					"M512 85.333c-235.733 0-426.667 190.933-426.667 426.667s190.933 426.667 426.667 426.667 426.667-190.933 426.667-426.667-190.933-426.667-426.667-426.667zM554.667 725.333h-85.333v-256h85.333v256zM554.667 384h-85.333v-85.333h85.333v85.333z"
				],
				"attrs": [],
				"isMulticolor": false,
				"tags": [
					"info"
				],
				"grid": 24
			},
			"attrs": [],
			"properties": {
				"id": 56,
				"order": 9,
				"prevSize": 24,
				"code": 58888,
				"name": "info"
			},
			"setIdx": 0,
			"iconIdx": 56
		},
		{
			"icon": {
				"paths": [
					"M469.333 725.333h85.333v-256h-85.333v256zM512 85.333c-235.733 0-426.667 190.933-426.667 426.667s190.933 426.667 426.667 426.667 426.667-190.933 426.667-426.667-190.933-426.667-426.667-426.667zM512 853.333c-188.16 0-341.333-153.173-341.333-341.333s153.173-341.333 341.333-341.333 341.333 153.173 341.333 341.333-153.173 341.333-341.333 341.333zM469.333 384h85.333v-85.333h-85.333v85.333z"
				],
				"attrs": [],
				"isMulticolor": false,
				"tags": [
					"info-outline"
				],
				"grid": 24
			},
			"attrs": [],
			"properties": {
				"id": 57,
				"order": 10,
				"prevSize": 24,
				"code": 58889,
				"name": "info-outline"
			},
			"setIdx": 0,
			"iconIdx": 57
		},
		{
			"icon": {
				"paths": [
					"M512 213.333v-170.667l-213.333 213.333 213.333 213.333v-170.667c141.44 0 256 114.56 256 256s-114.56 256-256 256-256-114.56-256-256h-85.333c0 188.587 152.747 341.333 341.333 341.333s341.333-152.747 341.333-341.333-152.747-341.333-341.333-341.333z"
				],
				"attrs": [],
				"isMulticolor": false,
				"tags": [
					"replay"
				],
				"grid": 24
			},
			"attrs": [],
			"properties": {
				"id": 198,
				"order": 11,
				"prevSize": 24,
				"code": 58890,
				"name": "replay"
			},
			"setIdx": 0,
			"iconIdx": 198
		},
		{
			"icon": {
				"paths": [
					"M282.667 460.587c61.44 120.747 160.213 219.52 281.173 280.96l93.867-94.080c11.733-11.733 28.587-15.147 43.307-10.453 47.787 15.787 99.2 24.32 152.32 24.32 23.68 0 42.667 18.987 42.667 42.667v149.333c0 23.68-18.987 42.667-42.667 42.667-400.64 0-725.333-324.693-725.333-725.333 0-23.68 19.2-42.667 42.667-42.667h149.333c23.68 0 42.667 18.987 42.667 42.667 0 53.12 8.533 104.533 24.32 152.32 4.693 14.72 1.28 31.573-10.453 43.307l-93.867 94.293z"
				],
				"attrs": [],
				"isMulticolor": false,
				"tags": [
					"call"
				],
				"grid": 24
			},
			"attrs": [],
			"properties": {
				"id": 215,
				"order": 12,
				"prevSize": 24,
				"code": 58891,
				"name": "call"
			},
			"setIdx": 0,
			"iconIdx": 215
		},
		{
			"icon": {
				"paths": [
					"M810.667 128h-597.333c-47.147 0-85.333 38.187-85.333 85.333v597.333c0 47.147 38.187 85.333 85.333 85.333h597.333c47.147 0 85.333-38.187 85.333-85.333v-597.333c0-47.147-38.187-85.333-85.333-85.333zM725.333 554.667h-170.667v170.667h-85.333v-170.667h-170.667v-85.333h170.667v-170.667h85.333v170.667h170.667v85.333z"
				],
				"attrs": [],
				"isMulticolor": false,
				"tags": [
					"add-box"
				],
				"grid": 24
			},
			"attrs": [],
			"properties": {
				"id": 254,
				"order": 14,
				"prevSize": 24,
				"code": 58892,
				"name": "add-box"
			},
			"setIdx": 0,
			"iconIdx": 254
		},
		{
			"icon": {
				"paths": [
					"M512 85.333c-235.733 0-426.667 190.933-426.667 426.667s190.933 426.667 426.667 426.667 426.667-190.933 426.667-426.667-190.933-426.667-426.667-426.667zM725.333 554.667h-170.667v170.667h-85.333v-170.667h-170.667v-85.333h170.667v-170.667h85.333v170.667h170.667v85.333z"
				],
				"attrs": [],
				"isMulticolor": false,
				"tags": [
					"add-circle"
				],
				"grid": 24
			},
			"attrs": [],
			"properties": {
				"id": 255,
				"order": 13,
				"prevSize": 24,
				"code": 58893,
				"name": "add-circle"
			},
			"setIdx": 0,
			"iconIdx": 255
		},
		{
			"icon": {
				"paths": [
					"M554.667 298.667h-85.333v170.667h-170.667v85.333h170.667v170.667h85.333v-170.667h170.667v-85.333h-170.667v-170.667zM512 85.333c-235.733 0-426.667 190.933-426.667 426.667s190.933 426.667 426.667 426.667 426.667-190.933 426.667-426.667-190.933-426.667-426.667-426.667zM512 853.333c-188.16 0-341.333-153.173-341.333-341.333s153.173-341.333 341.333-341.333 341.333 153.173 341.333 341.333-153.173 341.333-341.333 341.333z"
				],
				"attrs": [],
				"isMulticolor": false,
				"tags": [
					"add-circle-outline"
				],
				"grid": 24
			},
			"attrs": [],
			"properties": {
				"id": 256,
				"order": 15,
				"prevSize": 24,
				"code": 58894,
				"name": "add-circle-outline"
			},
			"setIdx": 0,
			"iconIdx": 256
		},
		{
			"icon": {
				"paths": [
					"M810.667 273.707l-60.373-60.373-238.293 238.293-238.293-238.293-60.373 60.373 238.293 238.293-238.293 238.293 60.373 60.373 238.293-238.293 238.293 238.293 60.373-60.373-238.293-238.293z"
				],
				"attrs": [],
				"isMulticolor": false,
				"tags": [
					"clear"
				],
				"grid": 24
			},
			"attrs": [],
			"properties": {
				"id": 260,
				"order": 16,
				"prevSize": 24,
				"code": 58895,
				"name": "clear"
			},
			"setIdx": 0,
			"iconIdx": 260
		},
		{
			"icon": {
				"paths": [
					"M810.667 554.667h-597.333v-85.333h597.333v85.333z"
				],
				"attrs": [],
				"isMulticolor": false,
				"tags": [
					"remove"
				],
				"grid": 24
			},
			"attrs": [],
			"properties": {
				"id": 275,
				"order": 19,
				"prevSize": 24,
				"code": 58896,
				"name": "remove"
			},
			"setIdx": 0,
			"iconIdx": 275
		},
		{
			"icon": {
				"paths": [
					"M512 85.333c-235.733 0-426.667 190.933-426.667 426.667s190.933 426.667 426.667 426.667 426.667-190.933 426.667-426.667-190.933-426.667-426.667-426.667zM725.333 554.667h-426.667v-85.333h426.667v85.333z"
				],
				"attrs": [],
				"isMulticolor": false,
				"tags": [
					"remove-circle"
				],
				"grid": 24
			},
			"attrs": [],
			"properties": {
				"id": 276,
				"order": 17,
				"prevSize": 24,
				"code": 58897,
				"name": "remove-circle"
			},
			"setIdx": 0,
			"iconIdx": 276
		},
		{
			"icon": {
				"paths": [
					"M298.667 469.333v85.333h426.667v-85.333h-426.667zM512 85.333c-235.733 0-426.667 190.933-426.667 426.667s190.933 426.667 426.667 426.667 426.667-190.933 426.667-426.667-190.933-426.667-426.667-426.667zM512 853.333c-188.16 0-341.333-153.173-341.333-341.333s153.173-341.333 341.333-341.333 341.333 153.173 341.333 341.333-153.173 341.333-341.333 341.333z"
				],
				"attrs": [],
				"isMulticolor": false,
				"tags": [
					"remove-circle-outline"
				],
				"grid": 24
			},
			"attrs": [],
			"properties": {
				"id": 277,
				"order": 18,
				"prevSize": 24,
				"code": 58898,
				"name": "remove-circle-outline"
			},
			"setIdx": 0,
			"iconIdx": 277
		},
		{
			"icon": {
				"paths": [
					"M512 192c-213.333 0-395.52 132.693-469.333 320 73.813 187.307 256 320 469.333 320s395.52-132.693 469.333-320c-73.813-187.307-255.787-320-469.333-320zM512 725.333c-117.76 0-213.333-95.573-213.333-213.333s95.573-213.333 213.333-213.333 213.333 95.573 213.333 213.333-95.573 213.333-213.333 213.333zM512 384c-70.613 0-128 57.387-128 128s57.387 128 128 128 128-57.387 128-128-57.387-128-128-128z"
				],
				"attrs": [],
				"isMulticolor": false,
				"tags": [
					"remove-red-eye"
				],
				"grid": 24
			},
			"attrs": [],
			"properties": {
				"id": 592,
				"order": 20,
				"prevSize": 24,
				"code": 58899,
				"name": "remove-red-eye"
			},
			"setIdx": 0,
			"iconIdx": 592
		},
		{
			"icon": {
				"paths": [
					"M511.787 85.333c-235.733 0-426.453 190.933-426.453 426.667s190.72 426.667 426.453 426.667c235.733 0 426.88-190.933 426.88-426.667s-191.147-426.667-426.88-426.667zM512 853.333c-188.587 0-341.333-152.747-341.333-341.333s152.747-341.333 341.333-341.333 341.333 152.747 341.333 341.333-152.747 341.333-341.333 341.333zM661.333 469.333c35.413 0 64-28.587 64-64s-28.587-64-64-64-64 28.587-64 64 28.587 64 64 64zM362.667 469.333c35.413 0 64-28.587 64-64s-28.587-64-64-64-64 28.587-64 64 28.587 64 64 64zM512 746.667c99.413 0 183.68-62.080 217.813-149.333h-435.627c34.133 87.253 118.4 149.333 217.813 149.333z"
				],
				"attrs": [],
				"isMulticolor": false,
				"tags": [
					"tag-faces"
				],
				"grid": 24
			},
			"attrs": [],
			"properties": {
				"id": 600,
				"order": 22,
				"prevSize": 24,
				"code": 58900,
				"name": "tag-faces"
			},
			"setIdx": 0,
			"iconIdx": 600
		},
		{
			"icon": {
				"paths": [
					"M832.427 131.2l-701.227 701.227c3.84 14.72 11.307 27.947 21.76 38.4l0.213 0.213c10.453 10.453 23.68 17.92 38.4 21.76l701.227-701.227c-7.893-29.44-30.933-52.48-60.373-60.373zM506.88 128l-378.88 378.88v120.747l499.627-499.627h-120.747zM213.333 128c-46.933 0-85.333 38.4-85.333 85.333v85.547l170.88-170.88h-85.547zM810.667 896c23.467 0 44.8-9.6 60.16-24.96 15.573-15.573 25.173-36.907 25.173-60.373v-85.547l-170.88 170.88h85.547zM396.373 896h120.747l378.88-378.88v-120.747l-499.627 499.627z"
				],
				"attrs": [],
				"isMulticolor": false,
				"tags": [
					"texture"
				],
				"grid": 24
			},
			"attrs": [],
			"properties": {
				"id": 601,
				"order": 21,
				"prevSize": 24,
				"code": 58901,
				"name": "texture"
			},
			"setIdx": 0,
			"iconIdx": 601
		},
		{
			"icon": {
				"paths": [
					"M512 170.667c-94.293 0-170.667 76.373-170.667 170.667 0 94.080 76.373 170.667 170.667 170.667s170.667-76.587 170.667-170.667c0-94.293-76.373-170.667-170.667-170.667zM512 597.333c-113.707 0-341.333 56.96-341.333 170.667v85.333h682.667v-85.333c0-113.707-227.627-170.667-341.333-170.667z"
				],
				"attrs": [],
				"isMulticolor": false,
				"tags": [
					"timer-auto"
				],
				"grid": 24
			},
			"attrs": [],
			"properties": {
				"id": 606,
				"order": 23,
				"prevSize": 24,
				"code": 58902,
				"name": "timer-auto"
			},
			"setIdx": 0,
			"iconIdx": 606
		},
		{
			"icon": {
				"paths": [
					"M170.667 341.333h170.667v-170.667h-170.667v170.667zM426.667 853.333h170.667v-170.667h-170.667v170.667zM170.667 853.333h170.667v-170.667h-170.667v170.667zM170.667 597.333h170.667v-170.667h-170.667v170.667zM426.667 597.333h170.667v-170.667h-170.667v170.667zM682.667 170.667v170.667h170.667v-170.667h-170.667zM426.667 341.333h170.667v-170.667h-170.667v170.667zM682.667 597.333h170.667v-170.667h-170.667v170.667zM682.667 853.333h170.667v-170.667h-170.667v170.667z"
				],
				"attrs": [],
				"isMulticolor": false,
				"tags": [
					"apps"
				],
				"grid": 24
			},
			"attrs": [],
			"properties": {
				"id": 671,
				"order": 25,
				"prevSize": 24,
				"code": 58903,
				"name": "apps"
			},
			"setIdx": 0,
			"iconIdx": 671
		},
		{
			"icon": {
				"paths": [
					"M853.333 469.333h-519.253l238.293-238.293-60.373-60.373-341.333 341.333 341.333 341.333 60.373-60.373-238.293-238.293h519.253v-85.333z"
				],
				"attrs": [],
				"isMulticolor": false,
				"tags": [
					"arrow-back"
				],
				"grid": 24
			},
			"attrs": [],
			"properties": {
				"id": 672,
				"order": 24,
				"prevSize": 24,
				"code": 58904,
				"name": "arrow-back"
			},
			"setIdx": 0,
			"iconIdx": 672
		},
		{
			"icon": {
				"paths": [
					"M512 170.667l-60.373 60.373 238.293 238.293h-519.253v85.333h519.253l-238.293 238.293 60.373 60.373 341.333-341.333z"
				],
				"attrs": [],
				"isMulticolor": false,
				"tags": [
					"arrow-forward"
				],
				"grid": 24
			},
			"attrs": [],
			"properties": {
				"id": 676,
				"order": 28,
				"prevSize": 24,
				"code": 58905,
				"name": "arrow-forward"
			},
			"setIdx": 0,
			"iconIdx": 676
		},
		{
			"icon": {
				"paths": [
					"M512 85.333c-235.733 0-426.667 190.933-426.667 426.667s190.933 426.667 426.667 426.667 426.667-190.933 426.667-426.667-190.933-426.667-426.667-426.667zM725.333 664.96l-60.373 60.373-152.96-152.96-152.96 152.96-60.373-60.373 152.96-152.96-152.96-152.96 60.373-60.373 152.96 152.96 152.96-152.96 60.373 60.373-152.96 152.96 152.96 152.96z"
				],
				"attrs": [],
				"isMulticolor": false,
				"tags": [
					"cancel"
				],
				"grid": 24
			},
			"attrs": [],
			"properties": {
				"id": 677,
				"order": 27,
				"prevSize": 24,
				"code": 58906,
				"name": "cancel"
			},
			"setIdx": 0,
			"iconIdx": 677
		},
		{
			"icon": {
				"paths": [
					"M384 689.92l-177.92-177.92-60.373 60.373 238.293 238.293 512-512-60.373-60.373z"
				],
				"attrs": [],
				"isMulticolor": false,
				"tags": [
					"check"
				],
				"grid": 24
			},
			"attrs": [],
			"properties": {
				"id": 678,
				"order": 26,
				"prevSize": 24,
				"code": 58907,
				"name": "check"
			},
			"setIdx": 0,
			"iconIdx": 678
		},
		{
			"icon": {
				"paths": [
					"M657.707 316.373l-60.373-60.373-256 256 256 256 60.373-60.373-195.627-195.627z"
				],
				"attrs": [],
				"isMulticolor": false,
				"tags": [
					"chevron-left"
				],
				"grid": 24
			},
			"attrs": [],
			"properties": {
				"id": 679,
				"order": 29,
				"prevSize": 24,
				"code": 58908,
				"name": "chevron-left"
			},
			"setIdx": 0,
			"iconIdx": 679
		},
		{
			"icon": {
				"paths": [
					"M426.667 256l-60.373 60.373 195.627 195.627-195.627 195.627 60.373 60.373 256-256z"
				],
				"attrs": [],
				"isMulticolor": false,
				"tags": [
					"chevron-right"
				],
				"grid": 24
			},
			"attrs": [],
			"properties": {
				"id": 680,
				"order": 30,
				"prevSize": 24,
				"code": 58909,
				"name": "chevron-right"
			},
			"setIdx": 0,
			"iconIdx": 680
		},
		{
			"icon": {
				"paths": [
					"M810.667 273.707l-60.373-60.373-238.293 238.293-238.293-238.293-60.373 60.373 238.293 238.293-238.293 238.293 60.373 60.373 238.293-238.293 238.293 238.293 60.373-60.373-238.293-238.293z"
				],
				"attrs": [],
				"isMulticolor": false,
				"tags": [
					"close"
				],
				"grid": 24
			},
			"attrs": [],
			"properties": {
				"id": 681,
				"order": 31,
				"prevSize": 24,
				"code": 58910,
				"name": "close"
			},
			"setIdx": 0,
			"iconIdx": 681
		},
		{
			"icon": {
				"paths": [
					"M512 341.333l-256 256 60.373 60.373 195.627-195.627 195.627 195.627 60.373-60.373z"
				],
				"attrs": [],
				"isMulticolor": false,
				"tags": [
					"expand-less"
				],
				"grid": 24
			},
			"attrs": [],
			"properties": {
				"id": 682,
				"order": 32,
				"prevSize": 24,
				"code": 58911,
				"name": "expand-less"
			},
			"setIdx": 0,
			"iconIdx": 682
		},
		{
			"icon": {
				"paths": [
					"M707.627 366.293l-195.627 195.627-195.627-195.627-60.373 60.373 256 256 256-256z"
				],
				"attrs": [],
				"isMulticolor": false,
				"tags": [
					"expand-more"
				],
				"grid": 24
			},
			"attrs": [],
			"properties": {
				"id": 683,
				"order": 33,
				"prevSize": 24,
				"code": 58912,
				"name": "expand-more"
			},
			"setIdx": 0,
			"iconIdx": 683
		},
		{
			"icon": {
				"paths": [
					"M753.067 270.933c-61.653-61.867-146.773-100.267-241.067-100.267-188.587 0-340.907 152.747-340.907 341.333s152.32 341.333 340.907 341.333c158.933 0 292.053-108.8 329.813-256h-88.747c-35.2 99.413-129.493 170.667-241.067 170.667-141.44 0-256-114.56-256-256s114.56-256 256-256c70.613 0 133.973 29.44 180.267 75.733l-137.6 137.6h298.667v-298.667l-100.267 100.267z"
				],
				"attrs": [],
				"isMulticolor": false,
				"tags": [
					"refresh"
				],
				"grid": 24
			},
			"attrs": [],
			"properties": {
				"id": 689,
				"order": 34,
				"prevSize": 24,
				"code": 58913,
				"name": "refresh"
			},
			"setIdx": 0,
			"iconIdx": 689
		},
		{
			"icon": {
				"paths": [
					"M512 85.333c-234.667 0-426.667 192-426.667 426.667s192 426.667 426.667 426.667 426.667-192 426.667-426.667-192-426.667-426.667-426.667zM170.667 512c0-187.733 153.6-341.333 341.333-341.333 78.933 0 151.467 27.733 209.067 72.533l-477.867 477.867c-44.8-57.6-72.533-130.133-72.533-209.067zM512 853.333c-78.933 0-151.467-27.733-209.067-72.533l477.867-477.867c44.8 57.6 72.533 130.133 72.533 209.067 0 187.733-153.6 341.333-341.333 341.333z"
				],
				"attrs": [],
				"isMulticolor": false,
				"tags": [
					"dnd-forwardslash"
				],
				"grid": 24
			},
			"attrs": [],
			"properties": {
				"id": 695,
				"order": 35,
				"prevSize": 24,
				"code": 58914,
				"name": "dnd-forwardslash"
			},
			"setIdx": 0,
			"iconIdx": 695
		},
		{
			"icon": {
				"paths": [
					"M512 85.333c-235.733 0-426.667 190.933-426.667 426.667s190.933 426.667 426.667 426.667 426.667-190.933 426.667-426.667-190.933-426.667-426.667-426.667zM512 853.333c-188.587 0-341.333-152.747-341.333-341.333 0-78.933 27.093-151.253 71.893-209.067l478.507 478.507c-57.813 44.8-130.133 71.893-209.067 71.893zM781.44 721.067l-478.507-478.507c57.813-44.8 130.133-71.893 209.067-71.893 188.587 0 341.333 152.747 341.333 341.333 0 78.933-27.093 151.253-71.893 209.067z"
				],
				"attrs": [],
				"isMulticolor": false,
				"tags": [
					"do-not-disturb"
				],
				"grid": 24
			},
			"attrs": [],
			"properties": {
				"id": 696,
				"order": 36,
				"prevSize": 24,
				"code": 58915,
				"name": "do-not-disturb"
			},
			"setIdx": 0,
			"iconIdx": 696
		},
		{
			"icon": {
				"paths": [
					"M682.667 469.333c70.613 0 127.573-57.387 127.573-128s-56.96-128-127.573-128c-70.613 0-128 57.387-128 128s57.387 128 128 128zM341.333 469.333c70.613 0 127.573-57.387 127.573-128s-56.96-128-127.573-128c-70.613 0-128 57.387-128 128s57.387 128 128 128zM341.333 554.667c-99.627 0-298.667 49.92-298.667 149.333v106.667h597.333v-106.667c0-99.413-199.040-149.333-298.667-149.333zM682.667 554.667c-12.373 0-26.24 0.853-41.173 2.347 49.493 35.627 83.84 83.627 83.84 146.987v106.667h256v-106.667c0-99.413-199.040-149.333-298.667-149.333z"
				],
				"attrs": [],
				"isMulticolor": false,
				"tags": [
					"people"
				],
				"grid": 24
			},
			"attrs": [],
			"properties": {
				"id": 739,
				"order": 37,
				"prevSize": 24,
				"code": 58916,
				"name": "people"
			},
			"setIdx": 0,
			"iconIdx": 739
		},
		{
			"icon": {
				"paths": [
					"M704 554.667c-51.413 0-131.2 14.293-192 42.88-60.8-28.587-140.587-42.88-192-42.88-92.373 0-277.333 46.293-277.333 138.667v117.333h938.667v-117.333c0-92.373-184.96-138.667-277.333-138.667zM533.333 746.667h-426.667v-53.333c0-22.827 109.227-74.667 213.333-74.667s213.333 51.84 213.333 74.667v53.333zM917.333 746.667h-320v-53.333c0-19.413-8.533-36.693-22.187-52.053 37.76-12.8 83.84-22.613 128.853-22.613 104.107 0 213.333 51.84 213.333 74.667v53.333zM320 512c82.56 0 149.333-66.987 149.333-149.333s-66.773-149.333-149.333-149.333c-82.347 0-149.333 66.987-149.333 149.333s66.987 149.333 149.333 149.333zM320 277.333c47.147 0 85.333 38.187 85.333 85.333s-38.187 85.333-85.333 85.333-85.333-38.187-85.333-85.333 38.187-85.333 85.333-85.333zM704 512c82.56 0 149.333-66.987 149.333-149.333s-66.773-149.333-149.333-149.333c-82.347 0-149.333 66.987-149.333 149.333s66.987 149.333 149.333 149.333zM704 277.333c47.147 0 85.333 38.187 85.333 85.333s-38.187 85.333-85.333 85.333-85.333-38.187-85.333-85.333 38.187-85.333 85.333-85.333z"
				],
				"attrs": [],
				"isMulticolor": false,
				"tags": [
					"people-outline"
				],
				"grid": 24
			},
			"attrs": [],
			"properties": {
				"id": 740,
				"order": 38,
				"prevSize": 24,
				"code": 58917,
				"name": "people-outline"
			},
			"setIdx": 0,
			"iconIdx": 740
		},
		{
			"icon": {
				"paths": [
					"M512 512c94.293 0 170.667-76.587 170.667-170.667 0-94.293-76.373-170.667-170.667-170.667s-170.667 76.373-170.667 170.667c0 94.080 76.373 170.667 170.667 170.667zM512 597.333c-113.707 0-341.333 56.96-341.333 170.667v85.333h682.667v-85.333c0-113.707-227.627-170.667-341.333-170.667z"
				],
				"attrs": [],
				"isMulticolor": false,
				"tags": [
					"person"
				],
				"grid": 24
			},
			"attrs": [],
			"properties": {
				"id": 741,
				"order": 39,
				"prevSize": 24,
				"code": 58918,
				"name": "person"
			},
			"setIdx": 0,
			"iconIdx": 741
		},
		{
			"icon": {
				"paths": [
					"M640 512c94.293 0 170.667-76.587 170.667-170.667 0-94.293-76.373-170.667-170.667-170.667s-170.667 76.373-170.667 170.667c0 94.080 76.373 170.667 170.667 170.667zM256 426.667v-128h-85.333v128h-128v85.333h128v128h85.333v-128h128v-85.333h-128zM640 597.333c-113.707 0-341.333 56.96-341.333 170.667v85.333h682.667v-85.333c0-113.707-227.627-170.667-341.333-170.667z"
				],
				"attrs": [],
				"isMulticolor": false,
				"tags": [
					"person-add"
				],
				"grid": 24
			},
			"attrs": [],
			"properties": {
				"id": 742,
				"order": 40,
				"prevSize": 24,
				"code": 58919,
				"name": "person-add"
			},
			"setIdx": 0,
			"iconIdx": 742
		},
		{
			"icon": {
				"paths": [
					"M512 251.733c49.493 0 89.6 40.107 89.6 89.6s-40.107 89.6-89.6 89.6-89.6-40.107-89.6-89.6 40.107-89.6 89.6-89.6zM512 635.733c126.933 0 260.267 62.080 260.267 89.6v46.933h-520.533v-46.933c0-27.52 133.333-89.6 260.267-89.6zM512 170.667c-94.293 0-170.667 76.373-170.667 170.667 0 94.080 76.373 170.667 170.667 170.667s170.667-76.587 170.667-170.667c0-94.293-76.373-170.667-170.667-170.667zM512 554.667c-113.707 0-341.333 56.96-341.333 170.667v128h682.667v-128c0-113.707-227.627-170.667-341.333-170.667z"
				],
				"attrs": [],
				"isMulticolor": false,
				"tags": [
					"person-outline"
				],
				"grid": 24
			},
			"attrs": [],
			"properties": {
				"id": 743,
				"order": 41,
				"prevSize": 24,
				"code": 58920,
				"name": "person-outline"
			},
			"setIdx": 0,
			"iconIdx": 743
		},
		{
			"icon": {
				"paths": [
					"M810.667 128h-597.333c-47.36 0-85.333 38.4-85.333 85.333v597.333c0 46.933 37.973 85.333 85.333 85.333h597.333c47.36 0 85.333-38.4 85.333-85.333v-597.333c0-46.933-37.973-85.333-85.333-85.333zM426.667 725.333l-213.333-213.333 60.16-60.16 153.173 152.747 323.84-323.84 60.16 60.587-384 384z"
				],
				"attrs": [],
				"isMulticolor": false,
				"tags": [
					"check-box"
				],
				"grid": 24
			},
			"attrs": [],
			"properties": {
				"id": 750,
				"order": 47,
				"prevSize": 24,
				"code": 58921,
				"name": "check-box"
			},
			"setIdx": 0,
			"iconIdx": 750
		},
		{
			"icon": {
				"paths": [
					"M810.667 213.333v597.333h-597.333v-597.333h597.333zM810.667 128h-597.333c-46.933 0-85.333 38.4-85.333 85.333v597.333c0 46.933 38.4 85.333 85.333 85.333h597.333c46.933 0 85.333-38.4 85.333-85.333v-597.333c0-46.933-38.4-85.333-85.333-85.333z"
				],
				"attrs": [],
				"isMulticolor": false,
				"tags": [
					"check-box-outline-blank"
				],
				"grid": 24
			},
			"attrs": [],
			"properties": {
				"id": 751,
				"order": 46,
				"prevSize": 24,
				"code": 58922,
				"name": "check-box-outline-blank"
			},
			"setIdx": 0,
			"iconIdx": 751
		},
		{
			"icon": {
				"paths": [
					"M512 85.333c-235.52 0-426.667 191.147-426.667 426.667s191.147 426.667 426.667 426.667 426.667-191.147 426.667-426.667-191.147-426.667-426.667-426.667zM512 853.333c-188.587 0-341.333-152.747-341.333-341.333s152.747-341.333 341.333-341.333 341.333 152.747 341.333 341.333-152.747 341.333-341.333 341.333z"
				],
				"attrs": [],
				"isMulticolor": false,
				"tags": [
					"radio-button-off"
				],
				"grid": 24
			},
			"attrs": [],
			"properties": {
				"id": 752,
				"order": 44,
				"prevSize": 24,
				"code": 58923,
				"name": "radio-button-off"
			},
			"setIdx": 0,
			"iconIdx": 752
		},
		{
			"icon": {
				"paths": [
					"M512 298.667c-117.76 0-213.333 95.573-213.333 213.333s95.573 213.333 213.333 213.333 213.333-95.573 213.333-213.333-95.573-213.333-213.333-213.333zM512 85.333c-235.52 0-426.667 191.147-426.667 426.667s191.147 426.667 426.667 426.667 426.667-191.147 426.667-426.667-191.147-426.667-426.667-426.667zM512 853.333c-188.587 0-341.333-152.747-341.333-341.333s152.747-341.333 341.333-341.333 341.333 152.747 341.333 341.333-152.747 341.333-341.333 341.333z"
				],
				"attrs": [],
				"isMulticolor": false,
				"tags": [
					"radio-button-on"
				],
				"grid": 24
			},
			"attrs": [],
			"properties": {
				"id": 753,
				"order": 45,
				"prevSize": 24,
				"code": 58924,
				"name": "radio-button-on"
			},
			"setIdx": 0,
			"iconIdx": 753
		},
		{
			"icon": {
				"paths": [
					"M512 736.853l263.68 159.147-69.973-299.947 232.96-201.813-306.773-26.027-119.893-282.88-119.893 282.88-306.773 26.027 232.96 201.813-69.973 299.947z"
				],
				"attrs": [],
				"isMulticolor": false,
				"tags": [
					"star"
				],
				"grid": 24
			},
			"attrs": [],
			"properties": {
				"id": 754,
				"order": 43,
				"prevSize": 24,
				"code": 58925,
				"name": "star"
			},
			"setIdx": 0,
			"iconIdx": 754
		},
		{
			"icon": {
				"paths": [
					"M938.667 394.24l-306.773-26.453-119.893-282.453-119.893 282.88-306.773 26.027 232.96 201.813-69.973 299.947 263.68-159.147 263.68 159.147-69.547-299.947 232.533-201.813zM512 657.067l-160.427 96.853 42.667-182.613-141.653-122.88 186.88-16.213 72.533-171.947 72.96 172.373 186.88 16.213-141.653 122.88 42.667 182.613-160.853-97.28z"
				],
				"attrs": [],
				"isMulticolor": false,
				"tags": [
					"star-outline"
				],
				"grid": 24
			},
			"attrs": [],
			"properties": {
				"id": 756,
				"order": 42,
				"prevSize": 24,
				"code": 58926,
				"name": "star-outline"
			},
			"setIdx": 0,
			"iconIdx": 756
		}
	],
	"height": 1024,
	"metadata": {
		"name": "icomoon"
	},
	"preferences": {
		"showGlyphs": true,
		"showQuickUse": true,
		"showQuickUse2": true,
		"showSVGs": true,
		"fontPref": {
			"prefix": "icon-",
			"metadata": {
				"fontFamily": "icomoon"
			},
			"metrics": {
				"emSize": 1024,
				"baseline": 6.25,
				"whitespace": 50
			}
		},
		"imagePref": {
			"prefix": "icon-",
			"png": true,
			"useClassSelector": true,
			"color": 4473924,
			"bgColor": 16777215
		},
		"historySize": 100,
		"showCodes": true
	}
}